{"Train/Samples/train_loss": 1.2763671875, "_timestamp": 1693172928.7731552, "_runtime": 846.6468241214752, "_step": 51344, "Train/Samples/lr": 6.125679488743689e-05, "Train/Samples/loss_scale": 32768.0}