{"Train/Samples/train_loss": 0.66455078125, "_timestamp": 1693171320.7802625, "_runtime": 1349.5003473758698, "_step": 38528, "Train/Samples/lr": 7.665063602684623e-05, "Train/Samples/loss_scale": 32768.0}