{"Train/Samples/train_loss": 0.80078125, "_timestamp": 1693096822.816666, "_runtime": 2451.8021759986877, "_step": 29544, "Train/Samples/lr": 9.627442451555636e-06, "Train/Samples/loss_scale": 32768.0}