{"Train/Samples/train_loss": 0.51318359375, "_timestamp": 1693172132.1572351, "_runtime": 3170.1273322105408, "_step": 268256, "Train/Samples/lr": 7.909765334198717e-06, "Train/Samples/loss_scale": 32768.0}