{"Train/Samples/train_loss": -0.08148193359375, "_timestamp": 1693168942.116047, "_runtime": 409.2756040096283, "_step": 2736, "Train/Samples/lr": 4.984053773255971e-06, "Train/Samples/loss_scale": 8192.0}